Price,Close,High,Low,Open,Volume
Ticker,AAPL,AAPL,AAPL,AAPL,AAPL
Date,,,,,
2022/1/3,179.0765839,179.9325725,174.8458979,174.9639591,104487900
2022/1/4,176.8037872,179.9915738,176.2331332,179.6865725,99310400
2022/1/5,172.1008759,177.2662635,171.8253897,176.7152912,94537600
2022/1/6,169.22789,172.4747072,168.8736915,169.9166052,96904000
2022/1/7,169.3951874,171.3334387,168.273561,170.1035846,86709100
2022/1/10,169.414856,169.7198574,165.4596412,166.3549785,106765600
2022/1/11,172.2582855,172.3566648,168.0669482,169.5427731,76138300
2022/1/12,172.7010345,174.324436,172.0024858,173.2815221,74805200
2022/1/13,169.414856,173.7734515,169.0212937,172.9469932,84505800
2022/1/14,170.2806702,170.9792188,168.3325706,168.5785414,80440800
2022/1/18,167.0633698,169.7592001,166.6796559,168.7458016,90956700
2022/1/19,163.5509338,168.3227743,163.2656143,167.2601785,94815000
2022/1/20,161.8586121,166.9452862,161.5339288,164.2888046,91420500
2022/1/21,159.7924957,163.6493166,159.684268,161.7700958,122848900
2022/1/24,159.015213,159.6842615,152.2067424,157.4410088,162294600
2022/1/25,157.2048492,160.1368168,154.4893371,156.4177397,115798400
2022/1/26,157.1163177,161.740566,155.2764609,160.8649105,108275300
2022/1/27,156.6538849,161.1994205,155.7290323,159.8318234,121954600
2022/1/28,167.5848389,167.6045207,160.1761991,163.039303,179935700
2022/1/31,171.9631348,172.1795903,166.7780652,167.4175984,115541600
2022/2/1,171.7958679,172.0221569,169.5329333,171.2055319,86213900
2022/2/2,173.0060425,173.0454062,170.5365007,171.9336132,84914300
2022/2/3,170.1134033,173.3995847,169.3459756,171.6679406,89418100
2022/2/4,169.827713,171.5123034,168.1431227,169.1282594,82465400
2022/2/7,169.1085663,171.3645227,168.4091126,170.2907273,77251200
2022/2/8,172.2314758,172.7437512,168.8820015,169.1775456,74829200
2022/2/9,173.6598969,174.0243926,172.3004034,173.4333196,71285000
2022/2/10,169.5617371,172.8717972,169.0002169,171.5517176,90865900
2022/2/11,166.1334839,170.5074941,165.5423957,169.7686414,98670700
2022/2/14,166.3699341,167.0595269,164.0844091,164.8823677,86185500
2022/2/15,170.2217865,170.379412,167.7195456,168.4288453,62527400
2022/2/16,169.9853668,170.7636183,167.5225247,169.295774,61177400
2022/2/17,166.3699341,169.3548979,165.9660243,168.4879725,69589300
2022/2/18,164.8133698,168.005203,163.7198674,167.2959184,82772700
2022/2/22,161.8777008,164.2124704,159.7399405,162.5278797,91162800
2022/2/23,157.6908722,163.6804914,157.3756212,163.0795573,90009200
2022/2/24,160.321167,160.4295326,149.7407924,150.3121736,141147500
2022/2/25,162.3997955,162.6657716,158.4789405,161.4047978,91974200
2022/2/28,162.6657562,162.9613002,160.0157363,160.6363772,95056600
2022/3/1,160.7743378,164.1238122,159.5626236,162.2520431,83474400
2022/3/2,164.0843811,164.8724935,160.5280367,161.9466361,79724800
2022/3/3,163.7593079,166.3994827,163.089422,165.96602,76678400
2022/3/4,160.7447815,163.0894121,159.6906929,162.0451694,83737200
2022/3/7,156.9322815,162.5672647,156.6761363,160.9319341,96418800
2022/3/8,155.0999451,160.4590918,153.4843213,156.4594387,131148300
2022/3/9,160.5280457,160.9812152,157.0406678,159.0798933,91454900
2022/3/10,156.1638947,158.0060957,153.6616387,157.8189173,105342000
2022/3/11,152.430191,156.9125658,152.2036138,156.567762,96970100
2022/3/14,148.3812714,151.8292495,147.8690111,149.1989366,108732100
2022/3/15,152.7848663,153.2577428,148.1448803,148.6571406,92964300
2022/3/16,157.2179871,157.6218968,152.1642452,154.7157461,102300200
2022/3/17,158.232666,158.6070228,155.2871166,156.2525465,75615400
2022/3/18,161.5427551,162.0353236,157.3854759,158.1243287,123511700
2022/3/21,162.9219055,163.8774893,160.5871214,161.0796897,95811400
2022/3/22,166.310791,166.901864,162.4589028,163.0499758,81532000
2022/3/23,167.6801453,170.0740205,165.1581824,165.4931403,98062700
2022/3/24,171.4827881,171.5517399,167.680159,168.5175164,90131400
2022/3/25,172.1231079,172.6747821,170.1823872,171.2955966,80546200
2022/3/28,172.9900208,173.1180783,169.4435224,169.6109939,90371900
2022/3/29,176.3000946,176.3493394,173.7190259,174.0638298,100589400
2022/3/30,175.1277618,176.9404098,174.0736583,175.8961673,92633200
2022/3/31,172.01474,175.3839061,171.8078546,175.1967277,103049300
2022/4/1,171.7191925,172.2807277,169.3844231,171.4433554,78751300
2022/4/4,175.787796,175.8370559,171.8472492,171.9753218,76468400
2022/4/5,172.4580688,175.6499179,171.8275818,174.8618054,73401800
2022/4/6,169.2760468,171.0492959,167.6013173,169.798168,89058800
2022/4/7,169.5814667,170.7833349,167.3255098,168.6160367,77594700
2022/4/8,167.5619049,169.2267884,166.6851338,169.2267884,76575500
2022/4/11,163.2864227,166.5176702,163.0401385,166.2024342,72246700
2022/4/12,165.1680603,167.3452045,164.1632164,165.5227102,79265200
2022/4/13,167.8672943,168.4977812,164.2912582,164.9020381,70618900
2022/4/14,162.8332672,168.7243965,162.586983,168.0840486,75329400
2022/4/18,162.6165314,164.1237894,161.1388262,161.4836151,69023900
2022/4/19,164.9118652,165.3256358,161.473748,162.5672503,67723800
2022/4/20,164.7444305,166.3699154,163.6312361,166.2516887,67929800
2022/4/21,163.9464722,168.9805221,163.4440578,166.3994683,87227800
2022/4/22,159.3852539,165.3748866,159.0995709,163.9858553,84882400
2022/4/25,160.4590607,160.7447437,156.1047585,158.7252106,96046400
2022/4/26,154.4694519,159.9271031,154.3906392,159.8384444,95623200
2022/4/27,154.2428436,157.4149696,153.0705287,153.5926499,88063200
2022/4/28,161.2077789,162.0747041,156.5677782,156.8830292,130216800
2022/4/29,155.3068237,163.7297471,154.912775,159.4345497,131747600
2022/5/2,155.6122284,155.8782045,150.991934,154.3808073,123055300
2022/5/3,157.1096497,158.321379,153.9966281,155.7994156,88966500
2022/5/4,163.5524292,164.0055837,156.8928943,157.296804,108256500
2022/5/5,154.4398956,161.641243,152.6469395,161.4146658,130525300
2022/5/6,155.1699371,157.3009623,152.1115206,153.9169712,116124600
2022/5/9,150.019989,153.7394156,149.4576439,152.8514808,131577900
2022/5/10,152.4371338,154.6372276,150.8783288,153.4335936,115366700
2022/5/11,144.5345917,153.3645176,143.8538461,151.4406814,142689800
2022/5/12,140.6474304,144.238596,136.9378795,140.8546197,182602000
2022/5/13,145.1363983,146.1131221,141.1900616,142.650202,113990900
2022/5/16,143.5874634,145.540911,142.2457082,143.5973389,86643800
2022/5/17,147.2378082,147.7606966,144.7121404,146.8629015,78336300
2022/5/18,138.9308167,145.3830717,138.0231458,144.8799191,109742900
2022/5/19,135.5073547,139.7595305,134.7674165,138.0034117,136095600
2022/5/20,135.7440948,138.8123718,130.8309105,137.2239709,137426100
2022/5/23,141.1900787,141.3380604,135.8033219,135.9414431,117726300
2022/5/24,138.4769592,140.0653604,135.4876103,138.9209191,104132700
2022/5/25,138.6348114,139.8877625,136.4840501,136.5728391,92482700
2022/5/26,141.851059,142.4035436,135.3001412,135.5467872,90601500
2022/5/27,147.6324615,147.6719183,143.3112179,143.4394786,90978500
2022/5/31,146.8431854,148.6387759,144.8700171,147.0701106,103718400
2022/6/1,146.7149048,149.7042529,145.6987095,147.888927,74286600
2022/6/2,149.1813812,149.2405739,144.8897346,145.8467223,72348100
2022/6/3,143.4296265,145.9848761,142.5219707,144.9292237,88570300
2022/6/6,144.1793976,146.5768047,142.9560279,145.0574568,71598400
2022/6/7,146.7149048,147.0010075,142.1667522,142.4133982,67808200
2022/6/8,145.9750214,147.859386,145.4817292,146.5866988,53950200
2022/6/9,140.7263947,145.9651553,140.6178698,145.1068317,69473000
2022/6/10,135.2902832,138.8715733,135.2212151,138.3980171,91437900
2022/6/13,130.1107483,133.3862005,129.6766488,131.0874572,122207100
2022/6/14,130.9788971,132.0937419,129.7160707,131.3439434,84784300
2022/6/15,133.6130676,135.4974467,130.3869487,132.4883624,91533000
2022/6/16,128.3151398,130.6138828,127.3088197,130.3080441,108123900
2022/6/17,129.7950134,131.2946256,128.0684911,128.3250126,134520300
2022/6/21,134.0471954,135.2212331,131.5314177,131.6300671,81000500
2022/6/22,133.5341797,135.9118362,132.113496,132.9816799,73409200
2022/6/23,136.414978,136.7306771,133.8103968,134.9844342,72433800
2022/6/24,139.7595215,140.0061675,137.8948779,138.0231237,89116800
2022/6/27,139.7595215,141.5649724,139.078776,140.7855624,70207900
2022/6/28,135.5961456,141.4959154,135.4777603,140.2232283,67083400
2022/6/29,137.3621216,138.7828053,134.8364683,135.6158783,66242400
2022/6/30,134.885788,136.5136458,131.9753677,135.4086764,98964500
2022/7/1,137.0661621,137.174687,133.840042,134.2149338,71051600
2022/7/5,139.6608734,139.7102056,135.0929832,135.9217255,73353800
2022/7/6,141.0026093,142.1865073,139.187298,139.4536799,74064300
2022/7/7,144.3866119,144.5839258,141.357791,141.3676515,66253700
2022/7/8,145.0673523,145.5705199,143.0547269,143.3112334,64547800
2022/7/11,142.9264526,144.6727109,141.8510794,143.715723,63141600
2022/7/12,143.9031677,146.4584171,143.104037,143.8045033,77588800
2022/7/13,143.5381317,144.4852441,140.2133329,141.0716714,71185600
2022/7/14,146.4781647,146.9517209,141.3281937,142.1470604,78140700
2022/7/15,148.1553497,148.8360952,146.2117776,147.7705825,76259900
2022/7/18,145.0969543,149.5365835,144.7319079,148.7177168,81420900
2022/7/19,148.9741974,149.2011075,144.9390721,145.9355166,82982400
2022/7/20,150.9868622,151.6577474,148.3526838,149.092622,64823400
2022/7/21,153.2658691,153.4829189,149.9016132,152.4272665,65086600
2022/7/22,152.0227509,154.1833726,151.3518808,153.3053133,66675400
2022/7/25,150.8980713,152.9600289,150.2370616,151.9438483,53623900
2022/7/26,149.5661469,151.0361474,148.7768766,150.2172809,55138700
2022/7/27,154.6865234,155.2192873,150.118649,150.5330126,78620700
2022/7/28,155.2390137,155.5251164,152.338454,154.8739673,81378700
2022/7/29,160.3297729,161.4347574,157.3601603,159.076822,101786900
2022/8/1,159.3432159,161.395313,158.7315385,158.8499238,67829400
2022/8/2,157.8633423,160.2311535,157.4884505,157.9521463,59907000
2022/8/3,163.9012604,164.3550807,158.5934318,158.6822208,82507500
2022/8/4,163.5855255,164.9470165,162.2240345,163.7828393,55474100
2022/8/5,163.3582916,163.8522689,161.0365924,161.2440695,56697000
2022/8/8,162.8840485,165.788637,162.2221208,164.3659802,60276900
2022/8/9,162.9334717,163.8226399,161.2835893,162.0443186,63135500
2022/8/10,167.2014618,167.3002482,164.8896363,165.6602398,70170500
2022/8/11,166.4604645,168.9303508,166.1640751,168.0115453,57149200
2022/8/12,170.0270081,170.096157,167.3595183,167.7744726,68039400
2022/8/15,171.1038513,171.3014392,169.2860186,169.453969,54091700
2022/8/16,170.9458008,171.6176178,169.5923077,170.6988121,56377100
2022/8/17,172.4474792,174.0281976,170.4913334,170.6889213,79542000
2022/8/18,172.0522919,172.7932578,171.0346998,171.6571161,62290100
2022/8/19,169.45401,171.6472709,169.2465329,170.9458163,70346300
2022/8/22,165.5515594,167.8139688,165.1267311,167.6460184,69026800
2022/8/23,165.2156525,166.6778362,164.642637,165.0674653,54147100
2022/8/24,165.5120544,166.08507,164.2474736,165.3045924,53841500
2022/8/25,167.9819336,168.0906092,166.322177,166.7469902,51218200
2022/8/26,161.6491547,168.9896664,161.5898798,168.5154524,78961000
2022/8/29,159.4361267,160.9378069,157.8949199,159.2088863,73314000
2022/8/30,156.9958801,160.6019086,155.8202117,160.1770954,77906200
2022/8/31,155.3262177,158.6457456,155.2471795,158.3789936,87991100
2022/9/1,156.0573425,156.5117933,152.8069629,154.753235,74229900
2022/9/2,153.9332123,158.428409,153.103334,157.825756,76957800
2022/9/6,152.6686096,155.1977708,151.8387314,154.5852438,73714800
2022/9/7,154.0814209,154.7828603,151.7597213,152.9551531,87449600
2022/9/8,152.5994873,154.4765952,150.8409141,152.7773119,84923800
2022/9/9,155.4744263,155.9190179,152.8859898,153.5973184,68028800
2022/9/12,161.461441,162.2814453,157.3811981,157.6676983,104956000
2022/9/13,151.986908,158.6061997,151.5225682,157.9739095,122656600
2022/9/14,153.4392395,155.2076868,151.7597196,152.9254988,87965400
2022/9/15,150.5346527,153.3700929,149.5565872,152.7871882,90481100
2022/9/16,148.8847504,149.5269299,146.5828144,149.3886168,162278800
2022/9/19,152.6192169,152.6982551,147.3040316,147.5114936,81474200
2022/9/20,155.0100861,156.1758804,151.236107,151.5522446,107689800
2022/9/21,151.8683777,156.8279138,151.749828,155.4447684,101696800
2022/9/22,150.9001923,152.6093495,149.0922335,150.544528,86652500
2022/9/23,148.6180267,149.6455081,146.7705562,149.368882,96029900
2022/9/26,148.9539337,151.9177978,147.8375401,147.8573034,93339400
2022/9/27,149.9319916,152.856344,148.1437961,150.900198,84442700
2022/9/28,148.0351257,148.8254925,143.0953523,145.8616284,146691400
2022/9/29,140.7637634,144.9526962,138.9854422,144.3401692,128138200
2022/9/30,136.5353088,141.3762949,136.337721,139.5782105,124925300
2022/10/3,140.7341309,141.346673,136.0314724,136.545213,114311700
2022/10/4,144.3401489,144.4586986,142.5223013,143.2830304,87830100
2022/10/5,144.6365509,145.6047573,141.2873853,142.3346299,79471000
2022/10/6,143.6782532,145.7628383,143.4707911,144.0536808,68402200
2022/10/7,138.4025574,141.3763104,137.770267,140.8230431,85925600
2022/10/10,138.7285767,140.1808711,136.9008698,138.7285767,74899000
2022/10/11,137.3059387,139.6474016,136.5550986,138.2148552,77033700
2022/10/12,136.673645,138.6693177,136.4958204,137.4541376,70433700
2022/10/13,141.2676239,141.8603876,132.7514456,133.3639876,113224000
2022/10/14,136.71315,142.7791901,136.5254363,142.571713,88598000
2022/10/17,140.6946106,141.1786987,138.5803885,139.3707551,85250900
2022/10/18,142.0184937,144.9329571,138.9163164,143.7375403,99136600
2022/10/19,142.1271362,143.204003,139.795563,139.9832768,61758300
2022/10/20,141.6628113,144.1326978,140.9317194,141.2972729,64522000
2022/10/21,145.4960938,146.0691093,140.9317328,141.149084,86548600
2022/10/24,147.6498413,148.4204448,144.2414003,145.4170689,75981900
2022/10/25,150.5050201,150.6532224,147.5609193,148.282122,74732300
2022/10/26,147.5510406,150.1592405,146.2568073,149.1416483,88194300
2022/10/27,143.0558167,147.2546233,142.3938889,146.2864321,109180200
2022/10/28,153.8640442,155.6028387,146.0394461,146.4148586,164762400
2022/10/31,151.4929504,152.3821186,150.0900568,151.3151259,97943200
2022/11/1,148.8353577,153.5775429,147.3336775,153.2120045,80379300
2022/11/2,143.2830658,150.3370616,143.2534284,147.1558463,93604600
2022/11/3,137.2071381,141.0799182,137.0786991,140.3488264,97918500
2022/11/4,136.9399567,141.1853062,132.9815826,140.6113402,140814800
2022/11/7,137.47435,137.7019523,134.2581706,135.6831879,83374600
2022/11/8,138.0483093,139.9582178,136.0592316,138.9488431,89908500
2022/11/9,133.4664764,137.1081885,133.1893915,137.0587058,74917800
2022/11/10,145.3415985,145.3415985,138.0482989,139.7701971,118854000
2022/11/11,148.1421356,148.4489072,142.8676007,144.3025233,93979700
2022/11/14,146.736908,148.7160948,145.8957475,147.4197298,73374100
2022/11/15,148.4785919,151.9916516,147.0139979,150.6359135,89868300
2022/11/16,147.2416229,148.3103858,145.7572325,147.5780962,64218300
2022/11/17,149.1515503,149.903636,144.6291002,144.9061852,80389400
2022/11/18,149.7156067,151.1109373,148.409351,150.7249964,74829600
2022/11/21,146.4697266,148.8051678,146.1827511,148.5973616,58724100
2022/11/22,148.6171722,148.8546802,145.4009928,146.5885173,51804100
2022/11/23,149.4978943,150.2499799,147.7858867,147.8947426,58301400
2022/11/25,146.5686951,147.3306863,145.5889921,146.7666107,35195900
2022/11/28,142.719162,145.1139762,141.8879072,143.6295861,69246000
2022/11/29,139.7008972,143.3030166,138.8894385,142.7884238,83763800
2022/11/30,146.4895172,147.1723391,139.0873624,139.9285078,111380900
2022/12/1,146.7666168,147.5780908,145.0843108,146.6676665,71250400
2022/12/2,146.2718353,146.4598605,144.1343094,144.4410961,65447400
2022/12/5,145.1041107,149.3494605,144.2530596,146.2322468,68826400
2022/12/6,141.4228058,145.7671205,140.4431028,145.5395182,64727200
2022/12/7,139.4733124,141.8780174,138.5430921,140.7103043,69721100
2022/12/8,141.1655121,142.0264687,139.6316542,140.8785366,62128300
2022/12/9,140.680603,144.0551202,139.4337057,140.8587226,76097000
2022/12/12,142.9863892,142.9962797,139.5920752,141.2150081,70462700
2022/12/13,143.9561768,148.4093478,142.7389809,147.9442376,93886200
2022/12/14,141.719696,145.1337907,139.6910263,143.8374256,82291200
2022/12/15,135.0795135,140.3243622,134.6144034,139.6415402,98931900
2022/12/16,133.1102295,136.2175528,132.3383477,135.2675514,160156900
2022/12/19,130.9924927,133.7930442,129.9534315,133.7039844,79592600
2022/12/20,130.9232178,131.8633285,128.5382939,130.0226841,77432800
2022/12/21,134.040451,135.386299,131.3685513,131.5961536,85928000
2022/12/22,130.8539276,133.159682,128.9440196,132.9518758,77852100
2022/12/23,130.487793,131.0419629,128.2908943,129.5575727,63814900
2022/12/27,128.6768646,130.0425087,127.3804993,130.0128221,69007800
2022/12/28,124.728363,129.6664324,124.560134,128.3205846,85438400
2022/12/29,128.2612305,129.1221721,126.4007972,126.6580861,75703700
2022/12/30,128.5778961,128.5976922,126.1039195,127.0737246,77034200
2023/1/3,123.7684555,129.5377797,122.8778199,128.9242366,112117500
2023/1/4,125.0450287,127.3210966,123.7783503,125.569512,89113600
2023/1/5,123.7189713,126.4403533,123.4616824,125.8070141,80962700
2023/1/6,128.2711182,128.9341441,123.5903446,124.6986922,87754700
2023/1/9,128.7955627,132.0216466,128.5382739,129.1122399,70790800
2023/1/10,129.3695526,129.894036,126.786713,128.9044425,63896200
2023/1/11,132.1008606,132.1206416,129.1023931,129.8841654,69458900
2023/1/12,132.0216827,132.8628282,130.0721822,132.4867929,71379600
2023/1/13,133.3576202,133.5159588,130.2898893,130.6560341,57809700
2023/1/17,134.5253601,135.8613024,132.7341981,133.4269106,63646600
2023/1/18,133.8029633,137.1675756,133.6248285,135.3962096,69672800
2023/1/19,133.8623199,134.8321174,132.3779297,132.6847012,58280400
2023/1/20,136.4352417,136.5836898,132.8232317,133.8721983,80223600
2023/1/23,139.6415253,141.8285333,136.4649238,136.6826356,81760300
2023/1/24,141.0467377,141.6701863,138.8399487,138.8498392,66435100
2023/1/25,140.3837433,140.9478038,137.3654799,139.4238363,65799300
2023/1/26,142.4618835,142.748859,140.4233083,141.6800962,54105100
2023/1/27,144.4113922,145.697867,141.5910594,141.6702287,70555800
2023/1/30,141.5118713,144.0353378,141.3634384,143.4514813,64015300
2023/1/31,142.7884369,142.8379196,140.7993594,141.2149869,65874500
2023/2/1,143.9165955,145.0843238,139.8493801,142.4717972,77663600
2023/2/2,149.2504883,149.6067274,146.6280566,147.3504556,118339000
2023/2/3,152.8921967,155.7422308,146.2916098,146.4895255,154357300
2023/2/6,150.1510162,151.5067696,149.2109054,150.9822862,69858300
2023/2/7,153.0406342,153.6146002,149.0723695,149.0723695,83322600
2023/2/8,150.339035,152.9713572,149.5968399,152.2786448,64120100
2023/2/9,149.2999725,152.7239728,148.8546585,152.1796934,56007100
2023/2/10,149.666687,149.9937533,147.8926166,148.1304871,57450700
2023/2/13,152.4814148,152.8877561,149.5774711,149.607203,62199000
2023/2/14,151.837204,152.4021408,149.5180231,150.7668093,61707600
2023/2/15,153.9482727,154.1167587,151.5200696,151.7480194,65573800
2023/2/16,152.3426666,154.9393554,151.9858684,152.1444336,68167900
2023/2/17,151.1929932,151.6389872,149.5081186,150.9947753,59144100
2023/2/21,147.1591949,149.954117,147.0898255,148.8638959,58867200
2023/2/22,147.5853882,148.6161303,145.8509552,147.5457355,51011300
2023/2/23,148.0709839,149.0026244,145.93021,148.7548483,48394200
2023/2/24,145.4049225,145.8806483,144.4237238,145.8013582,55469600
2023/2/27,146.6041565,147.843037,146.1383362,146.396033,44998500
2023/2/28,146.0987091,147.7538517,145.5238667,145.7419109,50547000
2023/3/1,144.0173798,145.9202984,143.7200454,145.5238627,55479000
2023/3/2,144.6120605,145.4049472,142.6199308,143.0956719,52238100
2023/3/3,149.6864929,149.7657831,146.0194097,146.7230854,70732300
2023/3/6,152.4615936,154.9096227,152.0948898,152.421941,87558000
2023/3/7,150.2514496,152.6598263,149.7856293,152.33276,56182000
2023/3/8,151.5101471,152.1048159,150.479405,151.4506832,47204800
2023/3/9,149.250412,153.1652714,148.8936138,152.1939933,53833600
2023/3/10,147.1790314,149.597329,146.2969489,148.8738269,68572400
2023/3/13,149.1315002,151.7777475,146.3861365,146.4951586,84457100
2023/3/14,151.2326202,152.0354124,148.7647799,149.9342759,73695900
2023/3/15,151.6290741,151.8867558,148.5863762,149.8450831,77167900
2023/3/16,154.4636383,155.0682126,150.2910818,150.8064604,76161100
2023/3/17,153.62117,155.345697,152.9075737,154.6915645,98944600
2023/3/20,155.9998474,156.4161246,152.7787577,153.6905872,73641400
2023/3/21,157.8631439,157.9820716,155.1475118,155.9205873,73938300
2023/3/22,156.4260254,160.6976834,156.4061991,157.8829502,75701800
2023/3/23,157.5162354,160.1129395,156.2773547,157.417134,67622100
2023/3/24,158.8244629,158.9136586,156.4458186,157.4468285,59196500
2023/3/27,156.871994,159.3398493,156.4656376,158.5172309,52390300
2023/3/28,156.2476349,157.0801742,154.592492,156.5647956,45992200
2023/3/29,159.3398743,159.6173823,157.9325077,157.9523189,51305700
2023/3/30,160.9157257,161.0247478,159.8354254,160.0931072,49501700
2023/3/31,163.4331055,163.532222,160.4697131,160.9949972,68749800
2023/4/3,164.6918182,164.8107459,162.7591677,162.8087259,56976200
2023/4/4,164.1566315,165.3558594,163.6412529,165.118004,46278300
2023/4/5,162.3032532,163.5817863,160.360697,163.2745464,51511700
2023/4/6,163.1952667,163.4926011,160.5589252,160.9850929,45390100
2023/4/10,160.5886688,160.5886688,158.656018,159.9840944,47716900
2023/4/11,159.3696136,160.9157343,159.0821849,160.9058287,47644200
2023/4/12,158.6758423,160.6183987,158.3586816,159.7858745,50133100
2023/4/13,164.0872498,164.3251203,159.984078,160.1922165,68445600
2023/4/14,163.7403717,164.8404982,162.3627371,163.1258767,49386500
2023/4/17,163.7601929,163.9187732,162.5708705,163.6214388,41516200
2023/4/18,164.9891815,165.9208222,164.1764685,164.6224777,49923000
2023/4/19,166.1388397,166.6641239,164.06742,164.3251168,47720200
2023/4/20,165.1675568,166.3767054,164.0872565,164.6125407,52456400
2023/4/21,163.552063,164.9693351,163.0267788,163.5817949,58337300
2023/4/24,163.8592834,164.1268859,162.4320908,163.5322172,41949600
2023/4/25,162.3131714,164.8305699,162.2735187,163.7205378,48714100
2023/4/26,162.3032532,163.8097361,161.3518014,161.6094831,45498800
2023/4/27,166.911911,167.0605706,163.7205533,163.7205533,64902300
2023/4/28,168.1706085,168.3391096,166.3866325,166.9912068,55209200
2023/5/1,168.0814056,168.9337561,167.1398594,167.7741657,52472900
2023/5/2,167.040741,168.8346528,166.0496365,168.5769559,48425700
2023/5/3,165.960434,169.3995675,165.6730203,167.9922011,65136000
2023/5/4,164.3152008,165.5540814,162.8483704,163.4232128,81235400
2023/5/5,172.026001,172.749503,169.2409849,169.459029,113316400
2023/5/8,171.9566345,172.3035272,170.5789998,170.9457037,55962800
2023/5/9,170.2420197,171.9962637,170.0735337,171.5106322,45326900
2023/5/10,172.0160828,172.4819031,170.3708458,171.480893,53724500
2023/5/11,172.204422,173.0369462,170.6384749,172.3035385,49514700
2023/5/12,171.2714691,172.7502476,169.7132756,172.3135561,45497800
2023/5/15,170.775238,171.9066593,170.1797468,171.8570325,37266700
2023/5/16,170.775238,171.8371788,170.5072655,170.6958382,42110300
2023/5/17,171.390564,171.6287483,169.1376408,170.4179424,57951600
2023/5/18,173.7327881,173.9213608,171.2813731,171.6982109,65496700
2023/5/19,173.8419952,175.0627357,173.6236494,175.0627357,55772400
2023/5/22,172.8892059,173.3953781,172.1448494,172.6708601,43570900
2023/5/23,170.2690582,172.0753705,169.9911664,171.8272517,50747300
2023/5/24,170.5469513,171.1225888,169.2368918,169.8025948,45143500
2023/5/25,171.6883087,172.5914497,170.3980878,171.1126712,56058300
2023/5/26,174.1099396,174.4473927,171.8074047,172.0158312,54835000
2023/5/30,175.9658661,177.6431517,175.2413634,175.6284281,55964400
2023/5/31,175.916275,178.0004795,175.4299566,175.9956749,99625300
2023/6/1,178.7348785,178.7646516,175.5986529,176.3628631,68901800
2023/6/2,179.5883942,180.4121504,177.9111086,179.667794,61945900
2023/6/5,178.228714,183.5583014,176.7002936,181.2557666,121946500
2023/6/6,177.861496,178.7646369,176.0948761,178.6157717,64848400
2023/6/7,176.4819794,179.8464703,175.9857417,177.0973093,61944600
2023/6/8,179.2112732,179.4792306,176.1246744,176.5613508,50214900
2023/6/9,179.5983734,180.8588064,179.2708547,180.1343035,48870700
2023/6/12,182.4070435,182.5062971,179.6082708,179.9060164,54274900
2023/6/13,181.9306488,182.7643244,181.0672001,181.4244918,54929100
2023/6/14,182.5658417,183.0025333,180.6503715,181.9902041,57462900
2023/6/15,184.6103363,185.1165084,182.3971205,182.5757739,65433200
2023/6/16,183.5285187,185.5829497,182.8834158,185.3248964,101235600
2023/6/20,183.6178436,184.6996532,183.0223676,183.0223676,49799100
2023/6/21,182.5757904,184.0148768,181.2160887,183.5087046,49515700
2023/6/22,185.5928955,185.6425223,182.2879507,182.3574312,51245300
2023/6/23,185.2753143,186.1486976,183.6178821,184.1538273,53079300
2023/6/26,183.8759155,186.6349958,183.836208,185.4241747,48088700
2023/6/27,186.6449127,186.9724314,184.2728972,184.491243,50730800
2023/6/28,187.8259583,188.4710612,186.18838,186.5158835,51216800
2023/6/29,188.1634064,188.6398055,187.5183034,187.6572494,46347300
2023/6/30,192.510437,193.016594,189.8208223,190.1880484,85069600
2023/7/3,191.0117798,192.4210927,190.317035,192.3218391,31458200
2023/7/5,189.8903046,191.5278828,189.1856404,190.1285041,46920300
2023/7/6,190.366684,190.5751104,187.7763228,188.4115064,45094300
2023/7/7,189.2451935,191.2202249,188.808517,189.9697114,46778000
2023/7/10,187.1907806,188.5604015,185.632587,187.8358836,59922200
2023/7/11,186.6647644,187.8755855,185.1959051,187.7366396,46638100
2023/7/12,188.3420563,190.2575265,187.0518353,188.252722,60750200
2023/7/13,189.1062469,189.751365,188.3519711,189.0665546,41342300
2023/7/14,189.255127,189.7414302,188.2031055,188.7985816,41573900
2023/7/17,192.530304,192.8578226,190.3666998,190.4560189,50520200
2023/7/18,192.2722473,192.8677386,190.972107,191.895117,48353800
2023/7/19,193.6319427,196.7383802,191.2003661,191.6469921,80507300
2023/7/20,191.6767731,194.9916372,191.0515087,193.6220163,59581200
2023/7/21,190.4957275,193.5029267,189.7910634,192.639478,71917800
2023/7/24,191.2996063,193.4433565,190.8033687,191.9546436,45377800
2023/7/25,192.1630707,192.9769077,191.468341,191.8752595,37283200
2023/7/26,193.0364532,194.1678745,191.8653396,192.2126969,47471900
2023/7/27,191.7660828,195.7161303,191.1011261,194.5450167,47460200
2023/7/28,194.3564453,195.1504286,192.6791596,193.2051703,48291400
2023/7/31,194.971756,195.0114635,193.790708,194.5846912,38824100
2023/8/1,194.138092,195.2496595,193.8105734,194.7633563,35175100
2023/8/2,191.1309052,193.711332,190.4064024,193.572386,50389300
2023/8/3,189.7314911,190.9224584,189.2551072,190.1284903,61235200
2023/8/4,180.620575,185.9700159,180.5510944,184.1240113,115799700
2023/8/7,177.5042267,181.7520201,176.0155136,180.7595447,97576100
2023/8/8,178.4470673,178.9135319,176.2437708,178.3378944,67823000
2023/8/9,176.8491821,179.5685549,175.6780534,179.5090088,60378500
2023/8/10,176.6308441,179.3899245,176.2636331,178.1294765,54686900
2023/8/11,176.6904602,177.5153289,175.4581386,176.2233808,51988100
2023/8/14,178.3501434,178.5787168,176.2134309,176.8693528,43675600
2023/8/15,176.3525543,178.3699985,175.9550342,177.7737183,43622600
2023/8/16,175.4780121,177.4358147,175.4084377,176.0345463,46964900
2023/8/17,172.9239044,176.4121915,172.4071161,176.0444846,66062900
2023/8/18,173.4108887,174.0171168,170.8965364,171.2344301,61114200
2023/8/21,174.7525024,175.0407174,172.6654991,173.9872755,46311900
2023/8/22,176.1339264,176.5811404,175.1599914,175.9649796,42084200
2023/8/23,179.9998627,180.4272112,177.227124,177.4159514,52722800
2023/8/24,175.2891998,179.9800107,174.9214777,179.5526621,54945800
2023/8/25,177.5054016,178.0420554,174.7326628,176.2830127,51449600
2023/8/28,179.0756378,179.473158,177.4457808,178.9762502,43820700
2023/8/29,182.9813232,183.7564982,178.3899,178.5886601,53003900
2023/8/30,186.4894867,186.6882619,183.5974949,183.796255,60813900
2023/8/31,186.7081146,187.950384,186.3205272,186.6783014,60794500
2023/9/1,188.2882843,188.7454309,187.1155742,188.3180976,45732600
2023/9/5,188.5267944,188.8050616,186.4497237,187.1155783,45280000
2023/9/6,181.7788086,187.6820755,180.3477118,187.2348463,81755800
2023/9/7,176.4618835,177.1078727,172.4667409,174.0965977,112488800
2023/9/8,177.0780487,179.1253215,176.6904612,177.2470107,65551300
2023/9/11,178.2507629,179.184952,176.2432512,178.9563787,58953100
2023/9/12,175.2097015,179.0160173,173.7388586,178.3799759,90370200
2023/9/13,173.1326294,176.2035161,172.9040409,175.4183932,84267900
2023/9/14,174.6531525,175.0109267,172.5065072,172.9239079,60895800
2023/9/15,173.9276581,175.4084487,172.7450303,175.3885682,109205100
2023/9/18,176.8693542,178.2706378,175.0804832,175.3885636,67257600
2023/9/19,177.9625702,178.5191045,176.0345655,176.4221529,51826900
2023/9/20,174.4046936,178.5886485,174.3152387,178.1513673,58436200
2023/9/21,172.8543243,175.2096774,172.7847651,173.4705003,63047900
2023/9/22,173.7089996,175.9848456,172.9735859,173.5897466,56725400
2023/9/25,174.9910278,175.875523,173.0729561,173.1226499,46172700
2023/9/26,170.8965454,174.1164984,170.5983977,173.7388588,64588900
2023/9/27,169.3759918,171.9698512,168.0045366,171.5524505,66921800
2023/9/28,169.6343689,170.966078,166.5833481,168.2927119,56294400
2023/9/29,170.1511688,171.9996664,169.286539,170.956157,51814200
2023/10/2,172.6754608,173.2220624,169.8728935,170.1611086,52164500
2023/10/3,171.3338013,172.5562054,169.763586,171.1946677,49594600
2023/10/4,172.5859985,173.1326001,169.9126325,170.0318855,53020300
2023/10/5,173.8282776,174.3649313,171.612058,172.7151939,48527900
2023/10/6,176.3923187,176.8892265,172.1089612,172.7251371,57224100
2023/10/9,177.8830566,177.9426831,174.7127825,175.7165308,42390800
2023/10/10,177.2867584,178.6085349,176.8494771,176.9985586,43698000
2023/10/11,178.6880341,178.7377279,176.5016429,177.0979232,47551100
2023/10/12,179.5924225,181.2123316,177.9327371,178.9563811,56743100
2023/10/13,177.743927,180.8048657,177.0383113,180.2980252,51427100
2023/10/16,177.6147156,177.9724898,175.4183765,175.6568977,52517000
2023/10/17,176.0544128,177.3165628,173.7189555,175.5575051,57549400
2023/10/18,174.7525024,176.4817468,174.0270214,174.4941159,54764400
2023/10/19,174.3748932,176.740164,174.1065587,174.9512929,59302900
2023/10/20,171.8108368,174.3351216,171.5723156,174.2258013,64189300
2023/10/23,171.9300842,172.9338324,168.8790633,169.8530134,55980100
2023/10/24,172.3673859,172.5959592,170.3896873,171.9797984,43816600
2023/10/25,170.0418549,171.9897249,169.5946257,170.8170298,57157000
2023/10/26,165.8578796,170.320117,164.6454234,169.3163536,70625300
2023/10/27,167.1796417,167.9150706,165.7982388,165.8777459,58499100
2023/10/30,169.2368317,170.1113941,167.8256155,167.9746969,51131000
2023/10/31,169.7138824,169.8430682,166.8616216,168.3026662,44846000
2023/11/1,172.894104,173.1524906,169.0679078,169.9424704,56934900
2023/11/2,176.471817,176.6805098,174.3748658,174.4344923,77334800
2023/11/3,175.5575104,175.7264724,172.2779312,173.1624264,79763700
2023/11/6,178.1215515,178.3203116,175.1202396,175.2891864,63841300
2023/11/7,180.6955566,181.3117174,177.8631762,178.0718689,70530000
2023/11/8,181.7589417,182.315476,180.4669783,181.2222879,49340300
2023/11/9,181.2818909,182.9813069,180.6855955,181.8284924,53763500
2023/11/10,185.491272,185.6604566,182.6352684,183.0731258,66133400
2023/11/13,183.8990631,185.1230623,183.3119431,184.9140946,43627500
2023/11/14,186.5262146,187.1929465,185.3917728,186.7849416,60108400
2023/11/15,187.0934143,188.5761558,186.8645398,186.9342059,53790500
2023/11/16,188.785141,190.029047,187.7302959,188.6458241,54412900
2023/11/17,188.7652283,189.4518668,187.6506933,189.3224957,50922700
2023/11/20,190.5166473,190.9744114,188.9543092,188.964255,46505100
2023/11/21,189.7105865,190.5863012,188.8149803,190.4768369,38134500
2023/11/22,190.3773193,191.9894166,189.8996637,190.5564497,39617700
2023/11/24,189.043869,189.9693278,188.3273779,189.9394753,24048300
2023/11/27,188.8647461,189.7404609,187.9790855,188.9941172,40552600
2023/11/28,189.471756,190.1484487,188.4766312,188.8547835,38415400
2023/11/29,188.4467926,191.1535335,188.0487487,189.9693324,43014200
2023/11/30,189.0239563,189.3921628,187.2725421,188.914492,48794400
2023/12/1,190.3076782,190.6261103,188.3074676,189.402111,45679300
2023/12/4,188.5065002,189.123488,186.5361572,189.053822,43389500
2023/12/5,192.4770508,193.4522689,189.2528407,189.2827084,66628400
2023/12/6,191.3824005,193.8104922,191.1734176,193.5020059,41089700
2023/12/7,193.3229065,194.0493434,192.6462137,192.6860272,47477700
2023/12/8,194.7558746,195.0345084,192.7258116,193.2532265,53377300
2023/12/11,192.2382202,192.5467217,190.4868059,192.1685694,60943700
2023/12/12,193.7607727,193.7707185,190.7853438,192.1387143,52696900
2023/12/13,196.9949188,197.0347171,193.90008,194.1389002,70404200
2023/12/14,197.1441956,198.6468287,195.203705,197.054638,66831600
2023/12/15,196.6068268,197.4327671,196.0395983,196.5670133,128256700
2023/12/18,194.9349976,195.6713954,193.4423104,195.1340195,55751900
2023/12/19,195.9798889,195.9898347,194.9350048,195.2036928,40714100
2023/12/20,193.880188,196.7162849,193.880188,195.9400887,52242800
2023/12/21,193.7308807,196.1191893,192.5566408,195.1439713,46482500
2023/12/22,192.6561737,194.4573472,192.0292402,194.2284576,37122800
2023/12/26,192.1088715,192.9447728,191.8899428,192.666139,28919300
2023/12/27,192.2083588,192.5566585,190.158404,191.5515879,48087700
2023/12/28,192.6362915,193.7110283,192.2282866,193.1935591,34049900
2023/12/29,191.5913849,193.4522635,190.795282,192.9547011,42628800
2024/1/2,184.7349854,187.5213381,182.9935168,186.2376185,82488700
2024/1/3,183.3517609,184.9738193,182.5357512,183.3219083,58414500
2024/1/4,181.0231628,182.1974029,179.9981855,181.2619831,71983600
2024/1/5,180.2967072,181.8690062,179.2916366,181.102771,62303300
2024/1/8,184.655365,184.6951785,180.6151605,181.2022805,59144500
2024/1/9,184.2374115,184.2473573,181.839157,183.023358,42841800
2024/1/10,185.2823029,185.4912706,183.0233651,183.4512767,46792900
2024/1/11,184.6851959,186.1380847,182.724799,185.6305614,49128400
2024/1/12,185.0135956,185.8296052,184.2871587,185.1529124,40444700
2024/1/16,182.734787,183.3617053,180.0479377,181.2719522,65603000
2024/1/17,181.7894135,182.0381947,179.4210265,180.3862989,47317400
2024/1/18,187.7104034,188.2179116,184.9240509,185.1827778,78005800
2024/1/19,190.6261292,191.0142273,187.8994966,188.4070048,68741000
2024/1/22,192.9447479,194.3777301,191.3226896,191.3625031,60133900
2024/1/23,194.2284546,194.795683,192.8850452,194.0692462,42355600
2024/1/24,193.5517731,195.4226125,193.3925495,194.4672861,53631300
2024/1/25,193.2233734,195.3131415,192.1685436,194.2682575,54822100
2024/1/26,191.4819031,193.8104914,191.0042474,193.3228899,44594000
2024/1/29,190.7953033,191.2630133,188.6557908,191.0739371,47145600
2024/1/30,187.1232758,190.864955,186.5560625,190.009147,55859400
2024/1/31,183.5010223,186.1878717,183.4512782,186.1281514,55467800
2024/2/1,185.9490356,186.0385932,182.9238627,183.0930321,64885400
2024/2/2,184.9439545,186.416735,178.3761246,178.9831513,102518000
2024/2/5,186.7650299,188.3273833,184.9340038,187.2327398,69668800
2024/2/6,188.3771515,188.3870973,185.8594866,185.9490442,43490800
2024/2/7,188.4866028,190.1186069,187.6904999,189.7106021,53439000
2024/2/8,187.4019318,188.6159702,186.4366594,188.4667075,40962000
2024/2/9,188.1691437,189.305033,187.3222021,187.9698526,45155200
2024/2/12,186.4752502,187.9897743,186.1165476,187.7406757,41781900
2024/2/13,184.3728638,185.5386589,182.8483811,185.1002428,56529500
2024/2/14,183.4860687,184.8610982,181.7822424,184.6518638,54630500
2024/2/15,183.1971283,183.8248618,180.6961831,182.8882484,65434500
2024/2/16,181.65271,184.1835609,181.015018,182.7587087,49701400
2024/2/20,180.9053955,181.7722539,179.3510224,181.134562,53665600
2024/2/21,181.6626892,182.2306263,180.0086704,181.2840544,41529700
2024/2/22,183.7052765,184.2931609,181.8021743,182.8184859,52292200
2024/2/23,181.8619537,184.3728573,181.5729908,184.3429667,45119700
2024/2/26,180.5068665,182.1010888,179.9986954,181.5829745,40867400
2024/2/27,181.9715576,183.2569,178.9126188,180.447075,54318900
2024/2/28,180.7659302,182.4597982,179.4805877,181.8519968,48953900
2024/2/29,180.0983429,181.9117886,178.8827401,180.6164724,136682600
2024/3/1,179.0122681,179.8791266,176.7404895,178.902664,73488000
2024/3/4,174.4687042,176.2622024,173.1634145,175.5149064,81510100
2024/3/5,169.5066528,171.4197287,169.0084555,170.1443448,95132400
2024/3/6,168.5102539,170.6226208,168.0718378,170.4432619,68587700
2024/3/7,168.3907013,170.1144598,167.8825455,168.5401544,71765100
2024/3/8,170.1144562,173.0737495,168.3309164,168.3906977,76114600
2024/3/11,172.127182,173.7513102,171.4297088,172.3164994,60139500
2024/3/12,172.6054382,173.402557,170.3934409,172.5257248,59825400
2024/3/13,170.513031,172.5656017,170.1443546,172.1471177,52488700
2024/3/14,172.3762665,173.681541,171.4296946,172.2865946,72913500
2024/3/15,171.9976349,171.9976349,169.6760336,170.5528657,121664700
2024/3/18,173.093689,177.0693093,172.8944131,174.9370252,75604200
2024/3/19,175.4451752,175.9732631,172.4061684,173.711443,55215200
2024/3/20,178.0258331,178.0258331,174.4587384,175.0864719,53423100
2024/3/21,170.7521515,176.8500973,170.2240635,176.4116812,106181300
2024/3/22,171.6588745,172.4261027,169.4468771,171.140745,71106600
2024/3/25,170.2340393,171.3201059,168.8390776,169.95505,54288300
2024/3/26,169.0981445,170.8019709,168.9686084,169.3870923,57388400
2024/3/27,172.6851654,172.9741284,169.4967054,169.7956268,60273300
2024/3/28,170.8617401,171.6090361,169.8952361,171.1307709,65672700
2024/4/1,169.4169922,170.632595,168.8689721,170.5728137,46240500
2024/4/2,168.2312775,168.7294748,167.6234761,168.4704177,49329500
2024/4/3,169.0383453,170.0646306,167.972211,168.1814453,47691700
2024/4/4,168.2113647,171.3001793,168.2113647,169.676051,53704400
2024/4/5,168.9685974,169.7756746,168.340864,168.9785559,42055200
2024/4/8,167.8426819,168.5899779,167.6334475,168.4205926,37425500
2024/4/9,169.0582733,169.4667988,167.7430403,168.0917693,42451200
2024/4/10,167.1750946,168.4803692,166.507512,168.1914214,49709300
2024/4/11,174.4089203,174.8274194,167.5537351,167.7330789,91070300
2024/4/12,175.9134827,177.7169546,173.5819228,173.6317303,101593300
2024/4/15,172.0673981,175.9931955,171.8780807,174.72777,73531800
2024/4/16,168.7693329,173.1335312,167.6633342,171.1307834,73711200
2024/4/17,167.3943024,170.0347421,167.3943024,168.9984984,50901200
2024/4/18,166.4377441,168.0319816,165.9495205,167.4241802,43122900
2024/4/19,164.4051208,165.8000673,163.4884396,165.6107651,67772100
2024/4/22,165.2420959,166.6569746,164.1759615,164.9232575,48116400
2024/4/23,166.2982635,166.4477319,164.3254064,164.753864,49537800
2024/4/24,168.4106445,168.6896338,165.6107777,165.9395746,48251800
2024/4/25,169.2774963,169.9949017,167.5437641,168.9187936,50558300
2024/4/26,168.6896057,170.722244,168.570028,169.2675164,44838400
2024/4/29,172.8744659,175.3953431,172.4759142,172.7449298,68169400
2024/4/30,169.7158966,174.3590992,169.3870846,172.7050805,65934800
2024/5/1,168.6896057,172.0873149,168.5002883,168.968595,50383100
2024/5/2,172.4061737,172.794767,170.2738897,171.8880442,94214900
2024/5/3,182.7188568,186.3258006,182.0014514,185.9770564,163224100
2024/5/6,181.0548859,183.5358989,179.7695282,181.6925779,78569700
2024/5/7,181.7423859,184.2333726,180.666293,182.7886033,77305800
2024/5/8,182.0811615,182.4099736,180.7958039,182.1907655,45057100
2024/5/9,183.9045868,183.9942587,181.453449,181.9018236,48983000
2024/5/10,182.6374359,184.6728314,181.7195113,184.4832572,50759500
2024/5/13,185.8601379,186.678297,184.2038758,185.0220349,72044800
2024/5/14,187.0075531,187.8756026,185.8701231,187.0873746,52393600
2024/5/15,189.2924042,190.2203008,186.9476946,187.486486,70400000
2024/5/16,189.4121246,190.6692945,189.2325376,190.0407096,52845200
2024/5/17,189.4420471,190.3799309,188.7535999,189.0828579,41282900
2024/5/20,190.6094208,191.4874423,188.5839973,188.9032834,44361300
2024/5/21,191.9164734,192.2956066,190.4896885,190.6593035,42309400
2024/5/22,190.4697266,192.3854125,189.8411569,191.8366491,34648500
2024/5/23,186.4588013,190.5695104,186.2093647,190.5495513,51005900
2024/5/24,189.5518036,190.1504574,187.6161737,188.3944297,36294600
2024/5/28,189.5617828,192.5649931,188.6737894,191.0783459,52280100
2024/5/29,189.8611145,191.8167037,189.0828737,189.1826544,53068000
2024/5/30,190.8588562,191.7468497,190.2003553,190.330052,49947900
2024/5/31,191.8166809,192.135967,189.4819588,191.008509,75158300
2024/6/3,193.5926819,194.5505249,192.0860907,192.4652239,50080500
2024/6/4,193.9119568,194.8797717,192.5949247,194.2012965,47471400
2024/6/5,195.4285278,196.4562051,194.4307817,194.9595859,54156800
2024/6/6,194.0416718,196.0571233,193.7323729,195.2489513,41181800
2024/6/7,196.446228,196.4961184,193.7024263,194.2112713,53103900
2024/6/10,192.6847229,196.8553095,191.716908,196.456202,97262100
2024/6/11,206.6831055,206.6930927,193.1935887,193.2135327,172373300
2024/6/12,212.5897827,219.7037025,206.4336755,206.9026174,198134300
2024/6/13,213.7571411,216.2614785,211.1230919,214.2560142,97862700
2024/6/14,212.0110779,214.6850302,210.8237576,213.3680132,70122700
2024/6/17,216.1816559,218.4565159,212.2405616,212.8890906,93728300
2024/6/18,213.8070068,218.1372365,212.5199211,217.099572,79943300
2024/6/20,209.2073975,213.7571325,208.3792816,213.4478184,86172500
2024/6/21,207.0223541,211.4124311,206.6432057,209.9158119,246421400
2024/6/24,207.6708832,212.2206032,206.1243736,207.2518316,80727000
2024/6/25,208.5987854,210.9035765,208.1398155,208.6785917,56713900
2024/6/26,212.7693634,214.3757353,210.1652454,211.0233077,66213200
2024/6/27,213.6174622,215.2537653,211.8714064,214.2061287,49772700
2024/6/28,210.1452789,215.5830074,209.8260081,215.2836805,82542700
2024/7/1,216.2614746,217.0197562,211.442359,211.611974,60402900
2024/7/2,219.7735443,219.883297,214.6151986,215.6628199,58046200
2024/7/3,221.0506592,221.0506592,218.5363347,219.5041496,37369800
2024/7/5,225.8298492,225.9396019,221.1504176,221.1504176,60412400
2024/7/8,227.3065338,227.336465,222.7468266,226.5781682,59085900
2024/7/9,228.1645813,228.8829597,225.8597901,227.4162717,48076100
2024/7/10,232.454895,232.5546757,228.7333061,228.7831965,62627700
2024/7/11,227.0570984,231.8662269,225.2611523,230.8684808,64710600
2024/7/12,230.0203857,232.1156587,228.1645773,228.4040419,53046500
2024/7/15,233.8716888,236.6953122,232.5646438,235.9470026,62631300
2024/7/16,234.290741,235.7374697,231.8063478,234.470328,43234300
2024/7/17,228.3641357,230.9383225,226.129179,228.9328431,57345900
2024/7/18,223.6747284,229.9206291,221.7690448,229.7609861,66034600
2024/7/19,223.8044281,226.2888214,222.7767508,224.3132884,49151500
2024/7/22,223.4552307,227.266613,222.5871812,226.4983442,48201800
2024/7/23,224.5028534,226.4285114,222.1781031,223.8642965,39960300
2024/7/24,218.0474396,224.2933403,216.6406291,223.4951403,61777600
2024/7/25,216.9998169,220.3522446,214.1362751,218.4365586,51391200
2024/7/26,217.46875,218.9953003,215.5231329,218.2070724,41601300
2024/7/29,217.7481232,218.8057316,215.2637298,216.4710093,36311800
2024/7/30,218.3068542,219.8334046,215.6328867,218.6959746,41643800
2024/7/31,221.5794678,223.3155516,220.1327389,220.9409108,50036300
2024/8/1,217.8678436,223.974045,216.5308675,223.8642923,62501000
2024/8/2,219.3644714,225.0915399,217.2193233,218.656065,105568600
2024/8/5,208.7983398,213.0188018,195.5582442,198.6412762,119548600
2024/8/6,206.7629395,209.5167287,200.6168345,204.8372966,69660500
2024/8/7,209.3471069,213.1584894,205.9248297,206.4336747,63516400
2024/8/8,212.8292236,213.7172171,208.3593253,212.6296775,47161100
2024/8/9,215.7526398,216.291416,211.4922593,211.6219712,42201600
2024/8/12,217.2909393,219.2687591,215.3630677,215.8325524,38028100
2024/8/13,221.026825,221.6461387,218.769299,218.769299,44155300
2024/8/14,221.4763336,222.7848915,219.4585493,220.3276036,41960600
2024/8/15,224.4730377,225.1023502,222.515185,224.3531745,46414000
2024/8/16,225.8015747,226.5807163,223.4042032,223.6739107,44340200
2024/8/19,225.6417542,225.7416504,222.7948801,225.4719428,40687800
2024/8/20,226.2610626,226.9203409,225.20223,225.5218856,30299000
2024/8/21,226.1511841,227.7294495,224.8026769,226.2710626,34765500
2024/8/22,224.2832489,228.0890594,223.6539364,227.5396608,43695300
2024/8/23,226.5906982,227.9691865,224.0834622,225.4120024,38677300
2024/8/26,226.9303284,227.0302246,223.6439507,226.5107918,30602200
2024/8/27,227.7793884,228.5984945,224.64284,225.7516207,35934600
2024/8/28,226.2410889,229.6073803,225.4319663,227.66951,38052200
2024/8/29,229.5374603,232.6640254,228.628472,229.8471324,51906300
2024/8/30,228.7483368,230.1467921,227.230003,229.9370315,52990800
2024/9/3,222.525177,228.7483259,220.9269293,228.2988235,50190600
2024/9/4,220.6072998,221.5362705,217.240993,221.4164072,43840200
2024/9/5,222.1356049,225.2321888,221.2765494,221.3864291,36615400
2024/9/6,220.5773315,224.9924722,219.5284824,223.7038814,48423000
2024/9/9,220.6672211,221.026826,216.47184,220.5773236,67180000
2024/9/10,219.868103,221.2365925,216.4918127,218.6794084,51591000
2024/9/11,222.4152985,222.8448186,217.6505365,221.2166203,44587100
2024/9/12,222.525177,223.3043186,219.5784221,222.2554695,37498200
2024/9/13,222.2554779,223.7937788,221.66613,223.3342928,36766600
2024/9/16,216.0822754,216.9812802,213.6849038,216.3020196,59357400
2024/9/17,216.5517426,216.6616223,214.264266,215.5128922,45519300
2024/9/18,220.447464,222.4652483,217.3009167,217.3109155,59894900
2024/9/19,228.6184692,229.5674374,224.3831387,224.7427437,66781300
2024/9/20,227.9492035,232.8338287,227.3698391,229.7172625,318679900
2024/9/23,226.2211151,229.1978359,225.5618368,227.0901541,54146000
2024/9/24,227.1201172,229.0979522,225.4819201,228.3987093,43556100
2024/9/25,226.1212158,227.0402029,223.7738076,224.6827959,42308700
2024/9/26,227.2699585,228.2488772,225.1622768,227.0501991,36636700
2024/9/27,227.5396576,229.2677673,227.0502058,228.2089347,34026000
2024/9/30,232.7439423,232.7439423,229.3976177,229.7871885,54541900
2024/10/1,225.9614105,229.3976173,223.4941237,229.2677705,63285000
2024/10/2,226.530777,227.1201249,222.7749145,225.6417557,32880600
2024/10/3,225.4219818,226.5607283,223.0745737,224.8925655,34044200
2024/10/4,226.5507507,227.7494289,223.8836869,227.6495327,37245100
2024/10/7,221.4463654,225.4419694,221.0867604,224.2532747,39505400
2024/10/8,225.5218811,225.7316418,223.0046463,224.0534954,31855700
2024/10/9,229.287735,229.4975109,224.5829197,224.982474,33591100
2024/10/10,228.7882843,229.2477855,226.9203443,227.5296745,28183500
2024/10/11,227.2999268,229.1578832,227.0901508,229.0480035,31759200
2024/10/14,231.0458069,231.475327,228.3487772,228.4486582,39882100
2024/10/15,233.5930023,237.2290013,232.1146179,233.3532606,64751400
2024/10/16,231.5252686,231.8648912,229.5873982,231.3454737,34082200
2024/10/17,231.8948669,233.5930109,230.2666686,233.173459,32993800
2024/10/18,234.7417297,235.9204256,233.7528123,235.9204256,46431500
2024/10/21,236.220108,236.5897118,234.1923402,234.1923402,36254500
2024/10/22,235.6007996,235.9604045,232.3443877,233.6329633,38846600
2024/10/23,230.5063934,234.8815848,227.5096904,233.8227521,52287000
2024/10/24,230.3166199,230.5663451,228.15899,229.7272567,31109500
2024/10/25,231.1556854,232.9636938,229.3177112,229.4875226,38802300
2024/10/28,233.1434937,234.4720338,232.2944369,233.063595,36087100
2024/10/29,233.4131927,234.0724711,232.0646856,232.8438271,35417200
2024/10/30,229.8471222,233.2134136,229.2977236,232.3543582,47070900
2024/10/31,225.6617279,229.577418,225.1223128,229.087951,64370100
2024/11/1,222.6650238,225.1023447,220.0279258,220.7271534,65276700
2024/11/4,221.7660065,222.545148,219.4685464,220.7471384,44944500
2024/11/5,223.204422,223.7038725,220.8969632,221.5562415,28111300
2024/11/6,222.475235,225.8215595,220.9469177,222.3653553,54561100
2024/11/7,227.2299957,227.6295653,224.3232054,224.383137,42137700
2024/11/8,226.9600067,228.6600037,226.4100037,227.1699982,38328800
2024/11/11,224.2299957,225.6999969,221.5,225,42005600
2024/11/12,224.2299957,225.5899963,223.3600006,224.5500031,40398300
2024/11/13,225.1199951,226.6499939,222.7599945,224.0099945,48566200
2024/11/14,228.2200012,228.8699951,225,225.0200043,44923900
2024/11/15,225,226.9199982,224.2700043,226.3999939,47923700
2024/11/18,228.0200043,229.7400055,225.1699982,225.25,44686000
2024/11/19,228.2799988,230.1600037,226.6600037,226.9799957,36211800
2024/11/20,229,229.9299927,225.8899994,228.0599976,35169600
2024/11/21,228.5200043,230.1600037,225.7100067,228.8800049,42108300
2024/11/22,229.8699951,230.7200012,228.0599976,228.0599976,38168300
2024/11/25,232.8699951,233.25,229.7400055,231.4600067,90152800
2024/11/26,235.0599976,235.5700073,233.3300018,233.3300018,45986200
2024/11/27,234.9299927,235.6900024,233.8099976,234.4700012,33498400
2024/11/29,237.3300018,237.8099976,233.9700012,234.8099976,28481400
2024/12/2,239.5899963,240.7899933,237.1600037,237.2700043,48137100
2024/12/3,242.6499939,242.7599945,238.8999939,239.8099976,38861000
2024/12/4,243.0099945,244.1100006,241.25,242.8699951,44383900
2024/12/5,243.0399933,244.5399933,242.1300049,243.9900055,40033900
2024/12/6,242.8399963,244.6300049,242.0800018,242.9100037,36870600
2024/12/9,246.75,247.2400055,241.75,241.8300018,44649200
2024/12/10,247.7700043,248.2100067,245.3399963,246.8899994,36914800
2024/12/11,246.4900055,250.8000031,246.2599945,247.9600067,45205800
2024/12/12,247.9600067,248.7400055,245.6799927,246.8899994,32777500
2024/12/13,248.1300049,249.2899933,246.2400055,247.8200073,33155300
2024/12/16,251.0399933,251.3800049,247.6499939,247.9900055,51694800
2024/12/17,253.4799957,253.8300018,249.7799988,250.0800018,51356400
2024/12/18,248.0500031,254.2799988,247.7400055,252.1600037,56774100
2024/12/19,249.7899933,252,247.0899963,247.5,60882300
2024/12/20,254.4900055,255,245.6900024,248.0399933,147495300
2024/12/23,255.2700043,255.6499939,253.4499969,254.7700043,40858800
2024/12/24,258.2000122,258.2099915,255.2899933,255.4900055,23234700
2024/12/26,259.019989,260.1000061,257.6300049,258.1900024,27237100
2024/12/27,255.5899963,258.7000122,253.0599976,257.8299866,42355300
2024/12/30,252.1999969,253.5,250.75,252.2299957,35557500
2024/12/31,250.4199982,253.2799988,249.4299927,252.4400024,39480700
